time,message
2025-10-27 02:11,Avoid Route A between 7-8 AM/PM due to heavy congestion
2025-10-27 03:11,Avoid Route B between 8-9 AM/PM due to heavy congestion
2025-10-27 04:11,Avoid Route C between 9-10 AM/PM due to heavy congestion
2025-10-27 05:11,Avoid Route D between 10-11 AM/PM due to heavy congestion
2025-10-27 06:11,Avoid Route E between 11-12 AM/PM due to heavy congestion
2025-10-27 07:11,Avoid Route F between 12-13 AM/PM due to heavy congestion
2025-10-27 08:11,Avoid Route G between 13-14 AM/PM due to heavy congestion
2025-10-27 09:11,Avoid Route H between 14-15 AM/PM due to heavy congestion
2025-10-27 10:11,Avoid Route I between 15-16 AM/PM due to heavy congestion
2025-10-27 11:11,Avoid Route J between 16-17 AM/PM due to heavy congestion
